7th_week,12th_week,Classwork,Cumulative_GPA,Final
6,16,3,1.392846738297959,16.592846738297958
19,12,9,3.6083317162059623,28.1416650495393
28,0,5,0.08751182106971289,19.020845154403048
14,1,6,2.661796641564112,15.528463308230778
10,8,1,3.863211681196337,14.79654501452967
7,2,5,2.2462744156819863,11.179607749015318
28,0,6,3.756658072752698,23.48999140608603
20,20,9,0.2095540959369553,30.076220762603626
6,15,9,1.679361209487387,21.079361209487388
25,5,1,1.043232741757825,18.17656607509116
18,16,1,2.930592069572726,22.930592069572725
22,4,9,3.935001332893959,25.268334666227293
10,4,6,1.0286855504014336,13.562018883734767
10,5,0,2.6232401519110384,10.956573485244371
23,2,7,0.7943715073665578,19.861038174033226
20,20,10,2.2669743208321558,32.93364098749882
3,4,2,1.860369271620228,7.460369271620229
7,20,10,3.8977413718224634,27.631074705155797
23,4,5,2.440194363512831,21.106861030179502
2,9,8,1.4015205520681433,14.26818721873481
21,9,5,0.4575240974006128,21.057524097400613
20,18,8,0.6064997832270875,28.473166449893753
1,16,6,0.9035208891044526,15.836854222437784
23,20,8,1.006376311974595,31.673042978641263
11,13,1,3.4109703919429624,17.87763705860963
29,8,7,2.250503381012925,28.117170047679593
5,13,7,2.098797554611209,18.165464221277873
1,0,1,0.460223176195562,1.7935565095288957
27,18,3,3.449160170331234,31.04916017033124
20,12,10,2.8984853558660197,28.76515202253269
0,12,6,0.27135013121900636,12.271350131219005
11,3,10,2.838418739891372,18.505085406558038
25,0,3,2.179588251544011,17.912921584877346
21,16,3,0.32771863644458077,23.527718636444583
28,7,5,1.8377855725299124,24.971118905863246
11,1,9,1.9436321113914883,15.610298778058155
24,7,5,0.6647559060547358,21.664755906054737
16,6,9,3.792249569471132,23.125582902804467
26,1,2,3.4084012396374543,19.475067906304126
26,2,8,2.682779572689724,24.149446239356394
30,17,9,1.8538051996124347,35.253805199612444
9,11,10,1.6511798217538791,21.05117982175388
27,0,1,2.610403603275326,17.81040360327533
27,11,5,2.1871817963216906,27.187181796321692
15,4,6,0.24971515458636132,15.449715154586361
14,16,8,2.05513562156903,25.521802288235698
29,15,2,3.2336785051036863,29.300345171770353
29,14,9,1.8415519091638017,32.90821857583047
14,14,2,0.20834587599261634,17.67501254265928
29,4,6,3.1529755795299725,25.81964224619664
18,20,3,0.8074687663652572,24.80746876636526
11,13,7,1.0370695479010354,20.303736214567706
22,1,6,0.6604724772635066,17.79380581059684
19,10,4,1.3241624101347051,20.657495743468036
24,18,6,3.0345735378114265,31.434573537811428
2,6,2,2.0827372966107887,8.349403963277455
4,5,1,0.8215739093443573,6.754907242677691
18,1,5,3.5200986133896834,17.720098613389684
6,5,1,3.5271232383556317,10.527123238355633
20,17,2,3.4910194844344877,25.957686151101157
8,1,5,0.9575728076399724,9.82423947430664
6,17,4,1.8094697701657623,18.409469770165764
17,14,7,3.949808521124909,27.016475187791578
3,18,8,3.0957700300030613,21.895770030003064
24,1,10,0.10894135911449486,21.508941359114502
27,19,2,0.26147041095457313,27.661470410954575
13,5,9,1.8603648210174544,18.99369815435079
17,0,2,3.645973025504856,14.312639692171524
25,14,2,2.160194209790384,25.49352754312372
8,9,5,1.9962281572175038,15.66289482388417
25,18,0,0.4229495368260886,24.556282870159425
20,16,6,2.633688219944419,27.70035488661108
1,4,0,3.296633674006904,6.229967007340238
19,3,4,1.5254842301053249,16.65881756343866
27,9,9,3.110203522210563,30.110203522210565
14,16,7,3.8675513821422545,26.53421804880892
27,9,3,0.8171035011020332,23.017103501102035
6,16,4,2.0985518210909127,18.098551821090915
11,19,3,1.1514232119191479,20.818089878585813
28,4,3,3.1793462203256957,22.912679553659032
7,1,7,2.3161493971834415,12.249482730516775
14,5,1,2.544675494376718,13.811342161043385
2,20,0,3.1996357800597353,16.266302446726403
13,1,2,1.587841595376444,10.721174928709779
16,12,8,3.6695111743122433,25.80284450764558
3,10,3,2.137445757657021,12.137445757657021
17,10,9,0.6333988395697455,22.900065506236416
7,15,4,2.7905554638568977,18.72388879719023
3,10,1,3.1809780152574,11.5809780152574
1,18,3,1.2702143250407818,15.003547658374114
29,14,1,3.437288820564999,28.103955487231666
5,15,1,3.6336344516107233,16.10030111827739
21,10,3,1.1103869943850138,20.71038699438501
9,15,5,3.94392110558804,21.74392110558804
3,7,6,0.5642532274755212,11.164253227475523
21,3,9,0.8100828302939848,21.01008283029398
28,7,2,0.7387416053444847,21.472074938677817
30,3,2,3.58489873713156,22.98489873713156
17,2,9,2.623713134823097,20.090379801489767
25,2,5,0.6099381757213141,19.14327150905465
11,17,2,1.7656969076570794,19.432363574323745
1,18,1,2.467345080529906,14.600678413863239
9,18,7,0.334690980807427,21.53469098080743
29,20,4,3.538489637313428,34.205156303980104
3,4,0,3.222450177120556,7.222450177120557
13,17,2,2.0258791620423193,20.759212495375653
30,9,9,3.8781777271892732,32.478177727189276
15,20,7,1.6752215268931496,27.275221526893148
14,5,3,3.946282379336356,16.812949046003023
7,0,6,2.6783591952025443,11.211692528535877
13,4,9,2.5450318057483052,19.07836513908164
22,8,1,0.6654791301360978,17.99881246346943
27,11,6,3.536530310801622,29.33653031080162
24,13,4,1.7142336485616667,25.51423364856167
29,1,4,0.6505559571877422,19.91722262385441
7,16,5,0.05055615510279375,17.38388948843613
20,13,8,2.244620291389914,27.11128695805658
15,12,5,2.114872484711932,21.314872484711934
12,8,7,2.8846080257003255,19.684608025700328
17,14,6,3.5699347926013862,25.836601459268053
14,14,8,0.31842040441854835,22.585087071085216
20,10,3,2.933300926264853,21.99996759293152
23,15,1,0.7515218958313047,22.818188562497976
25,16,6,3.4412899831602273,31.174623316493562
24,3,5,3.2844446905852407,21.884444690585244
27,0,0,2.168582957492033,16.568582957492033
27,7,10,2.848073622479479,29.44807362247948
27,16,8,1.260543953866831,31.66054395386684
12,2,8,1.8893832747205865,15.88938327472059
8,19,1,3.294763959818991,19.76143062648566
28,14,2,1.8416534406645877,26.774986773997924
14,14,4,1.4347710439550214,20.50143771062169
12,13,4,1.9817919134737025,19.381791913473705
0,13,0,3.3212795022732453,11.121279502273245
24,1,7,1.3441842699571995,20.344184269957204
6,12,7,0.6967839884743325,16.696783988474333
8,13,3,2.8551762215264307,17.3218428881931
23,18,6,3.312172632959408,31.178839299626073
0,6,10,0.4035562888793686,12.00355628887937
11,2,9,0.9618951921513383,15.228561858818006
7,14,2,0.5693076789415855,14.302641012274922
23,13,5,1.3952450604444881,25.461911727111154
30,10,9,1.8059074254107046,31.005907425410708
10,14,9,3.0027936112228586,23.936126944556193
18,12,8,2.611101815375513,25.811101815375515
16,17,0,2.4899235555885086,21.223256888921842
7,5,4,1.413023535904714,11.346356869238047
2,2,3,3.374204687869887,8.040871354536554
2,18,7,1.8898615412666397,19.356528207933305
0,14,10,3.9262108014407695,20.32621080144077
26,4,0,2.5429099745659047,18.809576641232574
4,9,8,0.5063216136736559,14.43965494700699
9,6,5,2.7114720239224903,15.11147202392249
6,16,3,1.3036671018811128,16.503667101881113
25,6,8,2.7521720587112504,26.085505392044585
8,11,10,0.279261004131247,19.145927670797914
27,16,4,0.7012745630755971,27.901274563075603
6,12,4,3.431506408212203,17.031506408212206
8,19,4,0.9109900236642946,19.777656690330964
7,3,0,3.3565349122241894,8.889868245557523
11,9,0,1.1198971147021857,12.386563781368853
1,2,7,2.5779564593354176,9.91128979266875
0,8,7,2.783543799774422,13.183543799774423
15,12,5,2.0557455601116623,21.255745560111663
22,17,10,1.2242958135538924,31.157629146887224
22,14,3,0.8527039492480954,23.386037282581427
29,3,1,0.13308931179532915,18.199755978461997
23,14,1,1.2188250689753024,22.685491735641975
4,1,8,2.6191827900304445,11.75251612336378
2,14,4,3.7626023219784153,16.429268988645084
11,7,3,3.4935299738748387,15.960196640541504
7,7,9,3.0719197539065632,18.2052530872399
21,16,0,3.1616738464457277,23.961673846445727
26,11,6,2.6665894629387408,27.933256129605407
2,18,2,1.043750298839672,14.510416965506339
0,9,5,3.6378520731303774,13.037852073130377
2,8,4,2.6896365707423944,11.756303237409062
4,4,4,2.247366930231564,9.980700263564898
14,5,10,0.4450677715460591,18.911734438212726
13,19,4,1.7926927306637659,23.3260260639971
2,1,0,1.8460366675197244,3.512703334186391
0,12,0,3.4669000741859066,10.666900074185905
4,5,2,2.1920593629530316,8.925392696286366
25,4,9,1.5254062013713425,24.458739534704677
22,0,3,3.9169693173277436,18.050302650661077
30,20,4,0.44398957923852583,31.643989579238525
13,20,1,1.6944191975308978,21.427752530864232
6,5,7,0.1685189474373352,11.968518947437337
26,5,10,2.9670155242753906,27.833682190942056
8,15,10,3.681486974318594,24.948153640985264
14,3,1,1.1229496914974626,11.189616358164132
14,10,8,3.4419501239644745,23.30861679063114
25,8,1,1.1717951041522099,20.105128437485543
9,2,8,3.6521883481921,16.052188348192104
27,18,6,3.0233872334231036,33.02338723342311
12,7,7,3.2276761751341687,19.42767617513417
18,4,10,0.07220628795782254,20.072206287957822
30,3,1,3.860869531866844,22.46086953186684
6,5,6,2.913950678201996,13.913950678202
16,1,5,1.2220518924983945,14.355385225831728
19,19,3,3.3258726060839763,27.259205939417313
28,10,6,1.128900005643869,26.8622333389772
3,3,3,3.4997428966601727,9.299742896660174
29,14,1,0.45144736555186743,25.118114032218536
4,5,9,2.821780769617791,15.155114102951126
22,16,6,2.1682008913460904,28.301534224679425
6,5,7,0.3871032254837176,12.18710322548372
12,18,1,0.9699942513179443,18.96999425131795
14,1,4,0.0497401854720323,11.316406852138698
10,14,0,1.8797595415126682,15.613092874846002
28,10,6,1.2080736956476015,26.941407028980933
3,7,7,2.3994135120340125,13.799413512034013
12,18,5,1.1919236089115548,22.391923608911558
6,12,4,1.2026756371430085,14.802675637143011
26,11,5,2.9802047269137293,27.446871393580395
18,4,1,0.1930527722731973,12.993052772273197
21,5,0,3.6206089307198686,17.820608930719867
27,3,6,3.4175781363086375,24.41757813630864
1,18,6,2.67789677973789,18.811230113071222
9,19,9,2.3788184961306107,25.778818496130608
12,0,10,3.5781330175400052,17.978133017540006
29,19,9,0.7431740199101449,34.80984068657681
24,16,1,0.31666634038522273,23.516666340385225
20,11,1,0.9604357813372477,19.027102448003916
5,14,0,3.186258897587763,14.252925564254431
27,0,9,0.13902776957319812,21.739027769573198
27,13,7,2.3370554086847934,30.137055408684795
11,5,7,3.9917044399271524,18.45837110659382
11,4,0,3.4313413362885328,11.6980080029552
19,10,10,2.0909972130647936,26.22433054639813
29,3,7,0.25520004623943576,23.121866712906105
29,12,8,3.3338077926866965,32.40047445935336
10,10,3,2.4019038177906142,16.135237151123945
25,2,0,0.46088131820886297,14.9942146515422
22,0,0,0.3763677121416584,12.109701045474992
27,5,2,3.6476035459407354,22.64760354594074
24,17,4,2.6834930543816946,28.883493054381695
6,9,4,3.3254400652601896,15.125440065260191
29,4,8,3.5247053901318917,27.791372056798558
0,9,9,2.292807131713772,14.892807131713774
0,11,1,2.0749598705377155,9.474959870537717
24,1,1,1.7260139153871705,15.926013915387173
26,12,5,1.2709558170423882,26.33762248370905
29,7,8,1.7427298030434342,27.8093964697101
24,1,0,3.1032574194779268,16.50325741947793
19,19,8,2.4137129583706773,30.34704629170401
12,0,8,3.5790183927189325,16.379018392718937
8,4,8,1.7779538576605427,14.844620524327212
2,8,4,2.4344292106622034,11.50109587732887
6,16,8,2.5315432878988746,21.731543287898877
5,8,10,2.372705620848365,17.839372287515033
7,10,3,2.8175614300729204,14.950894763406255
26,14,1,0.9521082081829731,24.018774874849637
8,5,5,2.0545787479586206,13.321245414625288
29,2,3,0.41794145926147414,19.484608125928144
4,16,5,1.5418904238556983,17.275223757189032
0,4,2,1.95554494517127,5.955544945171271
18,11,5,2.6154192807773446,22.815419280777345
9,17,1,3.811629520870676,19.61162952087068
11,13,1,2.408610776858907,16.875277443525576
23,20,8,2.9818116038680045,33.648478270534675
14,10,6,2.030126898575763,20.296793565242428
26,8,2,2.5427571658190886,22.809423832485756
21,1,10,0.28443818669643145,20.08443818669643
23,11,0,1.0201102391758063,19.886776905842474
8,2,7,1.4510309037526061,12.517697570419271
19,2,5,1.8946983535761193,17.22803168690945
16,0,6,0.18305146946455877,13.516384802797894
29,7,8,0.5614966311888039,26.628163297855473
16,7,4,1.110025374243136,17.04335870757647
25,10,0,3.895846090513213,23.229179423846553
19,8,9,1.3287014984832335,23.462034831816567
11,4,6,1.9329846430294508,14.999651309696118
29,13,4,0.7863518280809556,27.25301849474763
6,2,2,2.4492280850138304,8.449228085013832
1,20,8,1.125539694219057,20.05887302755239
2,4,0,0.8300402395380914,4.296706906204758
16,4,0,2.071456240068376,13.004789573401709
4,18,0,0.02207825463328749,12.955411587966621
16,13,2,0.030732770923393563,17.96406610425673
23,3,5,0.8784659244984496,18.945132591165116
16,12,9,0.14725266362829278,23.08058599696163
26,9,10,0.4331832740640724,27.699849940730736
16,17,2,1.3588312038483938,21.69216453718173
1,7,7,3.2183685751150493,13.551701908448381
1,7,9,2.2939150599108964,14.22724839324423
27,6,1,2.05579758108523,20.85579758108523
21,7,8,1.1768901810645678,22.976890181064565
22,13,2,3.7363324149255934,24.869665748258925
4,18,4,1.5920303153611386,17.725363648694476
0,5,9,0.3492419948510437,10.549241994851045
0,0,7,2.474436729632383,8.074436729632383
18,14,1,0.45649195784117164,19.25649195784117
29,0,5,1.384344802634785,20.851011469301454
1,16,4,2.0347218742584134,15.368055207591746
20,0,9,3.505632323987555,21.372298990654222
11,14,8,1.9791217871638758,22.645788453830544
25,1,4,2.8160576517869735,19.94939098512031
5,13,1,3.9811955243862718,15.247862191052938
22,20,4,0.5272713707909062,27.46060470412424
3,7,3,1.1016734173332732,9.301673417333273
22,7,10,1.582250063146562,25.515583396479897
10,18,6,1.6915309959407137,22.624864329274047
23,6,5,1.6481945118148384,21.514861178481507
26,18,1,3.639520120251785,29.106186786918453
16,5,10,2.863270904312094,22.396604237645427
30,5,10,2.437699908503722,29.437699908503724
5,2,4,1.2405845986297561,8.307251265296424
23,6,6,3.3033994407273917,23.97006610739406
4,18,10,3.8297926510548055,24.76312598438814
19,7,6,3.293005113026408,22.426338446359743
1,9,4,0.0062760718178063455,9.139609405151141
5,19,8,2.551969494435462,23.01863616110213
21,14,3,0.2050528795828239,22.205052879582826
10,14,10,1.0330049535382246,22.76633828687156
30,0,2,0.23869404839456446,17.83869404839457
15,19,3,2.4212197663270447,24.221219766327042
15,6,4,2.753225553105353,17.553225553105356
0,3,5,0.4590954286442795,6.25909542864428
8,5,2,1.5391939210103676,10.405860587677033
27,0,1,1.8295084009117235,17.029508400911727
26,4,3,1.4799026172612755,20.146569283927942
5,0,4,0.4853102519456241,6.351976918612291
15,3,3,1.6799806386517764,13.879980638651777
28,1,10,3.0122239717117565,26.54555730504509
2,9,2,0.2847407347783544,8.351407401445023
19,4,7,0.32152185646843284,18.454855189801766
27,9,9,1.4226328802622967,28.4226328802623
26,0,3,3.7763201035918894,20.04298677025856
3,5,1,2.6809763133588853,8.080976313358885
18,12,1,2.7214665262569846,20.321466526256984
25,14,0,1.4512991632598384,23.18463249659317
2,3,3,2.380579772746239,7.647246439412905
30,12,9,0.040626047951250945,30.440626047951255
18,19,8,2.550745146102264,29.950745146102264
19,14,10,3.662280659780709,30.195613993114044
6,7,6,2.456419608062725,14.656419608062725
19,4,9,3.5035313598000433,23.236864693133377
8,14,6,2.903131952419036,20.369798619085703
0,3,6,0.4834392497787979,7.083439249778797
7,11,7,3.6188377622162253,19.552171095549557
6,12,0,0.26643981586665727,10.666439815866656
17,1,9,2.1412095649165326,19.007876231583204
7,18,9,0.5699698664117652,22.3033031997451
0,18,7,0.0469435090309253,16.446943509030927
10,3,3,1.6923573831118324,11.225690716445166
27,3,3,1.1831132376931666,19.78311323769317
24,10,3,1.948861980128388,23.14886198012839
24,4,5,2.3145715458055487,21.514571545805552
17,19,6,0.1753936799588789,25.442060346625546
22,10,5,0.49324321344621996,22.226576546779555
30,9,0,2.2401560097662054,23.64015600976621
29,7,7,1.3761010862223595,26.64276775288903
9,5,9,2.923985685073286,17.923985685073287
2,5,10,2.6156895108536777,14.682356177520345
6,7,6,3.3908734955895263,15.590873495589525
27,14,5,2.7768962349435933,29.576896234943597
15,13,5,1.7240236203344939,21.524023620334493
25,10,4,2.6985961558016736,25.231929489135013
15,11,5,1.1042785087642282,19.704278508764226
24,12,8,1.2283171301006328,27.628317130100633
19,7,9,3.163830491282381,24.697163824615714
27,17,8,1.7901422607703443,32.790142260770345
16,0,9,3.2015051654785935,18.934838498811928
1,14,7,3.2979137184097964,17.83124705174313
0,7,9,3.4388249740217476,14.83882497402175
15,10,8,3.675707295723241,24.07570729572324
29,11,9,1.7282507342583178,30.99491740092499
11,11,7,1.2786559414677667,19.34532260813443
4,3,7,2.3346169738423965,11.867950307175729
4,15,0,1.4884014179848866,12.621734751318218
26,3,9,2.4103074088689342,25.276974075535602
22,4,10,2.8293993092017367,24.96273264253507
8,4,4,2.760504124153469,12.627170790820138
8,7,3,1.5019570769506865,12.368623743617352
2,9,1,0.6691094088119988,7.935776075478667
18,16,7,1.726422647233452,26.526422647233453
15,8,2,0.571802517768454,14.971802517768452
15,18,3,3.569289111087071,24.769289111087073
2,13,6,1.386968617558808,15.053635284225475
19,7,9,0.6193835863655284,22.15271691969886
23,8,8,0.10204551722206101,23.568712183888728
21,10,1,2.5897477690088015,20.589747769008802
23,0,2,2.5539782929935204,16.420644959660187
0,13,3,1.3658227079909795,11.56582270799098
23,4,9,0.2875646742790805,22.15423134094575
19,20,0,1.6426118685298803,23.775945201863212
10,13,6,1.247982155204208,19.181315488537543
16,3,1,2.7152537653373874,13.848587098670722
7,0,4,2.429174790305288,9.362508123638623
3,18,0,1.4620208500721352,13.862020850072136
5,7,2,0.8737491425625102,9.340415809229176
7,14,1,3.962024224283923,16.89535755761726
19,20,0,1.8205465009964206,23.953879834329754
29,14,6,2.7599796854787506,31.42664635214542
2,8,4,0.5636173999892267,9.630284066655895
15,20,0,1.9472146956341851,21.947214695634187
29,8,5,0.11042224667655659,24.377088913343226
24,9,4,2.0268750228209043,23.426875022820912
2,19,2,3.865709802541986,17.932376469208652
24,20,6,1.540668919073059,31.140668919073065
28,8,10,0.15637401042539545,27.88970734375873
17,2,9,0.12413272158656755,17.590799388253238
13,19,8,1.5558269073869466,26.289160240720282
17,10,8,0.6416999952174081,22.108366661884077
1,5,8,0.0936419062760255,10.02697523960936
21,1,1,3.032416591940209,15.632416591940208
2,6,2,1.8386772656163815,8.105343932283049
15,17,6,1.1598715356103446,24.159871535610343
28,1,4,3.6093335638960875,22.34266689722942
8,16,1,0.4657172304041077,15.132383897070776
3,10,2,3.83323450411083,13.033234504110832
0,11,9,1.2590065366831849,15.059006536683185
3,18,5,3.5624987259578114,19.962498725957815
0,6,6,2.417800934682641,10.81780093468264
13,19,8,3.3150965125633647,28.0484298458967
20,5,0,3.9458927844739615,17.612559451140626
15,20,10,1.1565058056531703,29.15650580565317
19,0,6,3.854153296484448,18.78748662981778
23,16,7,1.5618223985587056,29.028489065225372
7,10,2,1.5459027379950585,12.879236071328393
6,17,3,1.3649522880605678,17.16495228806057
2,20,9,2.1710445054638163,22.437711172130484
16,16,5,0.6181216231457333,22.75145495647907
0,6,9,2.2203830562856246,13.020383056285624
15,16,6,2.172236297764116,24.572236297764118
11,19,3,3.0552262685455287,22.721892935212193
26,8,7,3.342936347369718,27.609603014036388
18,16,4,1.7661698147528202,24.166169814752823
21,19,0,1.21235632989949,23.812356329899487
22,7,3,1.0399329382415488,19.37326627157488
21,16,2,0.7804415851865364,23.180441585186536
13,6,8,0.23116680461808978,17.164500137951425
29,0,7,1.3732163951272005,22.43988306179387
5,12,0,1.0836932454444408,10.950359912111107
5,18,10,3.875333717324293,25.342000383990957
12,18,5,2.236412393262676,23.436412393262675
18,16,8,1.3925809265123352,26.99258092651234
21,12,6,2.327675079984721,25.527675079984718
7,15,3,0.5581787723962389,15.69151210572957
26,7,0,1.7806154343008336,19.8472821009675
26,18,1,2.5111996288984657,27.977866295565136
1,17,4,1.96048030548773,15.893813638821063
20,0,10,1.61113299062384,20.277799657290508
29,13,4,3.9853320394877896,30.451998706154466
0,18,7,3.530062196217197,19.930062196217197
27,14,5,2.499857892219355,29.299857892219357
14,17,7,2.2832032183409536,25.54986988500762
0,1,1,2.488848524096582,3.888848524096582
4,16,2,0.8072615523679573,14.140594885701292
27,17,5,1.5845023504899176,30.184502350489915
28,5,9,0.15823272689250625,25.29156606022584
15,18,2,1.9069396103221747,22.306939610322175
18,3,5,2.177528581670229,17.57752858167023
3,0,5,0.9132764417738704,6.513276441773871
2,7,1,3.86575567713371,9.932422343800377
16,6,6,3.64691298985834,20.580246323191673
16,2,1,2.895794374178182,13.429127707511517
11,9,5,2.1388803813491037,17.405547048015773
27,9,0,3.4885763301872164,23.28857633018722
29,18,2,0.5239158987320862,28.390582565398756
28,13,1,3.1699442750422886,26.703277608375622
13,1,6,0.5005314640070616,12.833864797340395
20,0,3,3.184784756823116,16.251451423489783
5,17,7,1.1058279486879414,19.572494615354607
2,6,5,3.5171332298829374,12.183799896549605
27,7,9,3.785608796239845,29.585608796239846
8,0,3,0.5966718373145137,7.263338503981181
4,2,4,1.855329176312228,8.388662509645563
23,7,8,3.9337593864323672,26.800426053099038
28,14,6,1.9384638182523177,30.07179715158565
16,4,9,3.462825565283326,21.59615889861666
13,2,8,2.3608134037465924,16.89414673707993
20,18,6,1.5050729307576034,27.77173959742427
30,0,0,1.1459920576587395,17.14599205765874
2,14,7,0.8149245952552099,15.881591261921876
27,7,3,3.0548107474245656,24.05481074742457
0,1,2,1.5500274323603418,3.7500274323603424
19,2,6,2.050214603425012,18.183547936758345
30,13,2,1.9742251748047395,27.374225174804742
28,13,7,2.314888907224856,30.64822224055819
20,10,5,3.470964353954454,24.13763102062112
22,15,4,3.9327647677695516,27.866098101102885
0,3,3,1.6344126763810058,5.834412676381006
2,19,7,3.3183508776462753,21.38501754431294
17,4,7,3.065756456565418,20.13242312323208
24,20,0,2.2998510953368485,27.099851095336852
9,13,8,3.8337490458838515,22.833749045883852
30,15,4,0.8039028072688952,29.0039028072689
21,17,3,0.4381494833415818,24.23814948334158
25,6,5,3.4243874874912428,24.357720820824575
2,9,5,1.7609907647013305,12.227657431368
7,6,1,3.396345105370312,11.529678438703648
13,0,7,3.5812917228336136,16.114625056166947
23,20,6,0.25045495041247645,29.31712161707914
17,18,0,3.5426936995741034,23.409360366240772
14,15,4,1.797759412031383,21.464426078698047
21,18,5,2.046834280906971,28.046834280906975
22,3,3,2.5126359694837728,18.445969302817105
1,17,1,3.7147942529876476,15.248127586320981
30,1,3,0.07665553866335376,19.076655538663353
26,0,0,1.9121423079544464,15.778808974621112
9,14,6,2.757765390146548,20.757765390146545
1,4,1,2.898054900369896,6.63138823370323
25,19,1,2.7770550504638027,28.31038838379714
16,10,8,0.5390848689265686,21.472418202259902
7,9,4,1.2005763093704416,13.533909642703776
0,1,1,1.4384492569222238,2.838449256922224
8,2,10,3.225793202794815,16.692459869461484
10,11,8,1.1178270883823576,19.45116042171569
21,19,8,0.8449269051074847,29.844926905107485
15,4,0,3.8393665563427652,14.239366556342766
6,4,10,0.03554177330501029,13.635541773305011
28,5,2,4.0012616312847324,23.534594964618066
9,8,3,2.7140534084181565,14.714053408418156
22,1,6,3.322161890790959,20.45549522412429
25,20,9,1.1814237793482345,33.71475711268157
2,11,3,0.05740426344491051,10.124070930111579
17,2,1,2.958856769431735,14.025523436098403
24,19,6,3.3449198339727095,32.34491983397271
23,11,5,2.9693092891336117,25.835975955800276
12,16,2,0.5728296520763627,18.172829652076366
27,9,5,3.021245968250446,26.821245968250448
25,13,10,3.08338035625164,32.21671368958497
6,16,5,2.64074746783692,19.44074746783692
24,17,4,3.0721248905103007,29.2721248905103
3,18,3,3.3921449731077056,18.19214497310771
12,16,9,2.460552498092208,25.660552498092212
19,13,0,0.355304903018413,18.288638236351748
0,8,9,1.9553875167655155,13.95538751676552
7,7,5,0.3113738320331363,12.24470716536647
13,1,1,1.6342475544400477,9.967580887773384
15,12,2,1.6324970213937666,18.432497021393768
13,6,7,0.26469947500236873,16.3980328083357
11,8,9,1.398770341217612,19.26543700788428
18,10,5,0.4451023761531725,20.045102376153174
22,13,2,3.2410231921369808,24.37435652547031
14,3,6,3.8002289841175276,17.866895650784194
27,12,3,0.2899890657843338,24.289989065784336
1,1,8,3.8300119812397226,11.363345314573056
1,4,4,2.095532163340348,8.228865496673683
22,10,2,1.2012583685950342,20.53459170192837
30,5,1,0.30821692185741567,20.108216921857416
21,17,10,2.0075033149623756,31.407503314962373
18,20,1,3.186007333407902,25.586007333407906
24,9,2,2.8354167738394596,22.635416773839463
25,3,1,0.20140630597053477,16.13473963930387
30,8,3,0.29233635982529305,23.492336359825295
29,5,1,1.6155218633568746,20.882188530023544
28,1,9,1.1841148811322524,23.917448214465587
21,16,8,0.9318611354547518,28.131861135454752
25,4,1,1.1268280406239415,17.660161373957276
25,5,8,3.221965800620507,25.955299133953844
21,11,5,3.726204495063734,25.52620449506373
16,20,0,1.6244618050555413,22.157795138388874
19,9,3,3.633505118551313,21.566838451884646
9,20,0,1.2891977620040065,18.089197762004005
5,5,5,1.9105123152386043,11.577178981905272
14,7,3,0.9063762812421589,14.973042947908827
21,1,2,2.568308929125134,15.968308929125133
10,11,2,3.9257142718509836,17.45904760518432
27,12,8,2.4200073151339483,30.42000731513395
4,20,5,1.434834477295331,19.568167810628665
0,6,8,2.5977479584220187,12.597747958422019
7,9,4,0.4929119206462041,12.826245253979538
20,12,1,3.5635229118642484,22.23018957853092
27,16,7,2.0173666426271435,31.61736664262715
11,20,4,1.8018924655789645,22.86855913224563
11,13,1,2.349317801698612,16.81598446836528
4,1,3,2.5053832897855037,7.638716623118837
6,10,8,0.2878209829683172,15.887820982968318
3,0,3,2.7372950571058436,6.737295057105843
5,18,3,0.9701460380652736,16.83681270473194
12,20,1,2.862950056351425,22.062950056351426
19,3,5,3.2983645254806286,19.23169785881396
29,18,10,3.2238736152856062,37.49054028195228
14,20,1,2.2155288793056354,22.482195545972306
2,10,6,2.085881268166112,13.952547934832777
22,7,2,0.5729326049710409,18.106265938304375
7,10,2,3.1091380631165735,14.442471396449907
19,3,4,1.0883516155913247,16.22168494892466
15,16,2,1.9917486454999656,21.191748645499967
12,6,1,1.139939112639342,11.939939112639342
17,7,9,0.5366517356287694,21.003318402295438
27,2,8,2.5245263645358635,24.524526364535863
9,1,1,0.21787145963984433,6.417871459639846
29,14,10,3.002067388846062,34.868734055512725
18,4,1,1.2735230489970777,14.073523048997078
16,0,7,0.0005401189479861334,14.133873452281321
23,3,8,2.0496278483412915,22.516294515007964
30,14,6,0.1878761531956885,29.387876153195688
18,19,2,1.107439926861807,23.707439926861802
27,18,8,2.8349757146974217,34.43497571469743
25,2,2,0.2513853827036821,16.384718716037018
22,19,4,3.3657473543475693,29.699080687680905
25,10,8,0.015317889860918263,25.74865122319426
4,16,2,0.9897637154996279,14.323097048832963
25,12,6,2.971025265169806,28.304358598503143
20,10,0,1.2682433004145202,17.934909967081186
29,1,3,0.4085884761447142,18.875255142811383
22,8,3,1.4445380143897157,20.37787134772305
30,1,6,1.0842770784019473,22.48427707840195
8,20,7,3.379274727663825,25.24594139433049
11,8,0,1.2565251495164238,11.92319181618309
20,8,4,3.1636192118217887,21.830285878488453
0,7,6,3.576407300691046,12.576407300691045
25,16,3,1.7396078525018832,27.07294118583522
25,0,3,3.6488720068561116,19.382205340189447
0,10,3,1.5130453963924033,9.913045396392404
14,7,5,3.8659544501253333,19.532621116792
1,9,6,0.3580509933475474,11.09138432668088
29,6,1,2.754947258678003,22.62161392534467
21,2,4,1.9801943022322839,17.580194302232282
15,2,3,1.5544717098771446,13.154471709877146
24,17,2,2.5371746337818895,27.137174633781896
7,4,6,2.822466937453668,13.755800270786999
12,11,10,0.01749671129773944,21.017496711297742
20,11,5,0.6694818858762668,21.93614855254293
0,18,6,2.8593146630436177,18.459314663043617
15,5,4,2.6722055084486076,16.87220550844861
28,1,5,3.8738504955659954,23.407183828899328
6,11,4,3.0517615389056396,16.05176153890564
30,18,6,3.8125985580026653,35.41259855800267
4,4,1,2.817187411154576,8.15052074448791
21,11,10,1.195189356644167,26.99518935664417
28,16,4,0.42251333822593445,28.155846671559267
22,16,5,3.1351136920131917,28.468447025346528
2,9,5,2.5830383781184225,13.049705044785092
11,16,4,0.19322590969711786,18.859892576363787
25,14,9,1.443802368262923,30.37713570159626
15,11,6,3.836767260091987,23.236767260091987
18,15,9,2.006608594297907,27.806608594297906
4,18,7,1.7352438354390156,20.26857716877235
21,7,6,1.8353754166887688,22.035375416688762
24,20,4,0.8376197232607064,28.837619723260715
28,16,0,1.4785157551678287,26.011849088501158
13,4,4,1.4829511565085782,14.016284489841912
27,15,9,0.20994363095176433,30.809943630951764
4,5,1,3.077946190356852,9.011279523690185
14,7,4,1.6701827719345546,16.536849438601223
16,17,4,3.296941346133857,25.23027467946719
29,11,1,3.4098954844907805,26.276562151157453
13,14,4,0.8500961593416188,19.38342949267495
29,8,3,2.6359874635022154,25.302654130168882
19,12,0,1.8938500346935565,19.22718336802689
4,14,2,3.529428519065155,15.66276185239849
11,9,0,0.8651201234975809,12.131786790164247
15,15,10,2.718030933243277,27.718030933243277
25,6,4,2.4370860102334175,22.57041934356675
25,16,3,1.1841589250630493,26.51749225839638
15,20,6,0.5477696236412022,25.347769623641202
20,6,4,2.613075439513879,20.079742106180547
6,13,9,2.9617758071106457,21.16177580711065
3,14,3,1.2656656484910334,13.665665648491032
0,20,1,2.5857787421294782,15.385778742129478
29,6,3,1.584474939522128,23.051141606188793
29,8,1,2.859959601963297,23.926626268629967
4,18,7,0.7988532523251529,19.332186585658487
22,15,2,3.569762160571059,25.903095493904395
25,7,8,1.1525124818269747,25.085845815160308
9,17,3,1.4748218109021731,18.874821810902173
21,17,5,0.23294872784220264,25.632948727842198
4,19,9,0.4471639714083183,21.180497304741653
3,6,4,2.0686062298764356,10.468606229876436
1,2,9,1.0730466336791655,10.0063799670125
19,17,0,3.350275705226199,23.68360903855953
30,9,8,0.05892048850636491,27.85892048850637
9,6,0,1.5201671351744641,9.920167135174463
25,16,7,1.3527556425440614,29.8860889758774
18,13,8,0.07750379997958015,23.87750379997958
25,2,8,0.49871727999204596,21.43205061332538
0,11,0,1.6587071264237274,8.258707126423728
23,12,1,1.976386983634261,22.24305365030093
4,1,0,1.621201886492025,4.354535219825358
12,2,9,2.129060090432496,16.9290600904325
3,4,1,2.386478016371783,7.186478016371783
15,10,9,0.03979452272262088,21.239794522722622
23,7,7,1.8610215894085504,23.927688256075218
15,11,4,3.863631955959229,21.663631955959232
22,6,10,2.08131944331949,25.41465277665282
1,14,6,2.716944492510402,16.450277825843735
16,16,1,1.2505740702467016,20.183907403580037
27,3,7,3.1037054263925774,24.90370542639258
26,12,10,3.0994151423232212,32.16608180898989
19,17,5,2.090397151093097,26.42373048442643
23,0,7,3.9138154313496463,21.78048209801631
11,15,0,0.50345636119824,15.370123027864906
17,12,0,0.06796013620721977,16.334626802873885
2,9,6,3.088334429145955,14.355001095812623
27,11,7,3.2366937048331788,29.83669370483318
0,1,2,0.4820309887735107,2.682030988773511
0,2,4,1.0649871601640104,5.464987160164011
28,9,0,0.07038497710018192,20.403718310433515
18,1,6,1.1761675292300644,16.176167529230064
10,12,4,3.1002989144138726,18.833632247747207
4,12,7,2.0770217161274416,17.010355049460774
11,17,7,1.3958633286048352,23.0625299952715
2,2,8,1.4906745725743844,10.157341239241052
0,6,6,0.0054280391190272975,8.405428039119027
0,13,10,1.2022001155365958,17.002200115536596
7,19,0,2.5922995539681013,17.725632887301433
9,16,2,3.9065197197035917,19.906519719703592
10,20,7,3.396713916205437,26.330047249538772
11,11,2,0.0946158082285718,14.161282474895238
28,15,7,3.6032280247461057,33.13656135807945
12,11,0,3.14062563732749,16.140625637327492
11,14,4,3.129308255519631,20.5959749221863
30,9,3,1.8365629936043215,25.63656299360432
13,6,4,1.5960012247475561,15.32933455808089
1,19,7,1.2146920726211023,18.748025405954433
28,4,9,0.26343638440700673,24.79676971774034
18,0,3,0.9152238076097333,12.915223807609733
17,16,10,0.9888805762618786,27.65554724292855
2,2,3,1.9411490495379082,6.607815716204575
22,12,2,2.997252070452743,23.530585403786077
16,13,6,1.8999774118757657,23.0333107452091
25,17,2,0.231956242283114,25.36528957561645
7,3,2,3.8407371019626972,10.974070435296031
28,17,10,3.78032451956739,36.91365785290073
25,4,9,3.1486100680251177,26.081943401358455
9,15,4,3.9752248852725245,20.975224885272524
25,0,4,2.183374154529054,18.71670748786239
29,20,5,3.860701084515356,35.327367751182024
1,13,7,0.3031762128731706,14.236509546206504
18,14,9,1.4663798005280988,26.666379800528098
8,8,5,0.903778884707131,13.970445551373798
6,14,0,0.7852906673784228,12.385290667378424
3,16,7,0.564619825059631,17.364619825059634
25,3,7,2.4958787026796463,23.22921203601298
20,11,8,3.1331006415466933,26.799767308213358
17,4,8,2.318976581675646,20.185643248342316
12,4,1,0.5893204654487207,10.189320465448723
10,10,1,3.252606317433218,15.385939650766552
28,5,2,2.550178375726551,22.083511709059888
23,6,0,1.556544481569252,17.42321114823592
3,13,3,2.7032624850996125,14.503262485099615
24,10,3,1.0422189667637596,22.24221896676376
20,12,8,1.384220756061784,25.650887422728452
28,1,8,3.6791182309592805,25.612451564292616
24,6,8,1.1649230677423956,23.964923067742397
3,19,9,1.8846529553133256,22.084652955313327
9,3,6,3.5694659609580186,14.969465960958017
4,7,1,2.837962614572785,9.97129594790612
8,19,9,0.249434936920458,23.116101603587126
23,20,4,0.590685207558671,28.057351874225343
2,18,3,0.03144477899538644,14.298111445662053
16,12,10,2.5299963788189452,26.263329712152274
2,13,7,1.7951704358957774,16.261837102562446
15,9,1,0.5384421521181249,14.738442152118125
3,10,5,3.841315825437649,15.441315825437652
17,1,4,2.1239354930219356,14.990602159688605
16,8,1,0.9699921093926855,15.103325442726021
6,16,10,2.007420320330377,22.807420320330376
23,2,9,2.725277534267782,23.39194420093445
22,5,0,0.3057192640739935,15.039052597407327
29,4,7,1.1015622983420468,24.56822896500871
4,4,1,3.2359316184448144,8.569264951778148
11,14,6,1.8432561303146715,20.90992279698134
16,16,8,2.1917743395495024,26.72510767288284
22,8,8,1.7355921688599716,24.668925502193307
12,2,7,0.17603876999845053,13.37603876999845
22,19,10,0.6646566170788253,31.79798995041216
24,16,9,1.7866219713549825,31.386621971354987
2,9,8,0.8388337162857905,13.705500382952458
8,2,1,0.20041590492531172,6.467082571591979
29,17,5,3.383035152847813,33.04970181951448
16,17,3,3.9345820419481043,25.067915375281437
16,16,3,3.180502924726925,23.71383625806026
29,2,4,3.4236775360357146,23.290344202702386
19,2,2,0.9703282925713519,13.903661625904686
15,5,0,3.852114171807931,14.85211417180793
24,12,7,0.7896720748582478,26.38967207485825
21,14,4,3.815233539550947,26.61523353955095
12,8,2,3.9892253688034636,16.789225368803468
26,3,9,2.8540084510416555,25.72067511770832
18,13,6,3.9343863644852055,26.134386364485206
16,4,6,2.2838545160640855,18.017187849397416
3,1,0,1.0407625505361222,3.2407625505361226
11,10,8,1.7523535015191396,20.019020168185804
28,8,1,2.3801793508689317,22.91351268420226
8,2,4,0.29305706372833007,8.959723730394998
18,8,4,2.495596491115157,20.095596491115156
11,2,7,3.934523125416801,16.601189792083467
8,1,7,0.7623316756327477,11.228998342299414
6,11,6,3.178306416316417,17.778306416316415
27,9,6,3.6406741630562736,28.240674163056273
13,8,10,3.7842433872090853,23.517576720542415
30,14,5,3.850143773665843,32.25014377366584
19,7,5,2.0910531512731025,20.424386484606437
18,4,10,3.9190047110459294,23.91900471104593
25,10,8,3.0368139306090995,28.770147263942437
14,1,5,0.6483024593102171,12.714969125976882
15,14,1,1.9123694269365596,19.11236942693656
20,5,1,2.8805080132417356,17.347174679908402
4,7,4,0.9918346664345241,10.525167999767858
2,4,3,2.568866886031038,8.435533552697706
11,15,10,2.673067920976943,25.539734587643608
24,17,1,0.6524259726723491,24.45242597267235
19,5,2,2.2659921029355528,16.99932543626889
26,4,6,3.0942239130242166,24.160890579690882
20,15,7,2.000571614789127,27.26723828145579
3,12,5,0.04853349827219077,12.848533498272193
20,4,10,0.03624426100796163,21.10291092767463
22,12,4,1.4316876693197487,23.565021002653083
15,16,0,3.7140382144114454,21.314038214411447
24,17,7,0.9169938862104712,29.516993886210475
6,7,2,2.5437983923754652,11.543798392375466
12,12,5,0.8905242414802155,18.490524241480216
20,18,2,1.28989665853479,24.356563325201456
9,2,6,3.4006487793019504,14.200648779301952
25,7,6,2.922734383502487,25.256067716835823
6,1,8,0.3825511020259746,10.582551102025977
13,7,4,1.7190951041555986,16.05242843748893
30,12,7,0.1169707522175105,28.916970752217512
25,12,9,1.928369487878066,29.661702821211406
4,0,9,2.656360386921283,11.989693720254618
2,5,7,0.4751955206285877,10.141862187295255
22,18,0,1.1584286050257542,23.691761938359086
28,15,4,1.5953248682636492,28.72865820159699
10,7,2,3.6873194088707595,14.820652742204093
10,0,0,3.9829526118460854,9.31628594517942
17,15,3,0.18009430897241957,20.64676097563909
14,8,7,3.051641773216522,20.91830843988319
11,12,2,1.4906135062733963,16.157280172940066
8,10,9,1.5737573267802147,19.04042399344688
9,12,1,3.024602543121561,15.824602543121562
25,20,10,3.6828899929030885,37.01622332623642
11,9,8,3.813223663955219,21.47989033062189
16,3,9,2.314261570013666,19.847594903347
28,5,4,1.4320558487950161,22.56538918212835
5,6,6,3.1580718342937044,14.224738500960372
6,4,10,1.006515546881824,14.606515546881823
13,10,10,2.261936855622406,23.195270188955742
12,12,1,1.4378996307147414,15.837899630714743
7,18,8,2.633090605568583,23.56642393890192
9,9,8,0.9639996407029626,17.563999640702967
8,9,3,0.7682877123966513,12.83495437906332
17,10,3,3.6821387375685024,21.14880540423517
26,20,5,0.40823276862764296,30.274899435294312
25,6,9,2.028891210017076,26.162224543350412
1,17,9,0.8856196596816657,18.818952993015003
4,3,9,0.15610915293592648,11.289442486269259
28,1,5,0.14443546134861981,19.677768794681956
4,13,0,0.7026393061443676,10.635972639477702
5,12,8,3.475749121569061,19.74241578823573
18,11,1,1.1327397633478768,18.132739763347878
7,6,4,3.8113412740069355,14.34467460734027
15,1,8,2.332305394886666,17.332305394886667
12,12,3,1.7508229009727518,17.750822900972754
0,13,10,2.3261562270245126,18.126156227024516
21,16,2,2.071960524757334,24.471960524757336
19,8,6,3.0426927775668737,22.776026110900208
16,16,5,1.1328092245511374,23.26614255788447
30,7,7,1.4157320703172125,27.215732070317213
6,1,2,3.5853181531583354,8.985318153158335
24,12,4,3.7952906177331256,26.995290617733126
12,2,9,3.5791584922207624,18.379158492220764
3,15,3,1.6819864557688273,14.681986455768827
3,5,3,3.1292656670575956,10.129265667057595
5,18,3,1.910106290537406,17.776772957204074
27,6,9,1.9951348071058697,27.195134807105873
30,9,7,0.8207672373197086,27.820767237319714
18,8,5,2.370432516066651,20.77043251606665
28,1,2,0.7464049499909252,17.879738283324258
11,14,9,1.329574443259447,22.796241109926115
21,4,4,3.42867110849594,20.22867110849594
6,3,5,0.8303739949355294,9.83037399493553
26,19,4,0.2853447235454656,28.752011390212132
9,3,5,0.27672044637739335,10.876720446377394
25,17,7,3.7725459272174624,32.9058792605508
18,3,6,2.032750956226957,18.232750956226955
6,16,4,1.6417424079862435,17.641742407986246
29,11,9,3.251623109841753,32.518289776508425
2,16,5,3.3516619709211692,18.018328637587835
12,9,3,1.3320860427935743,15.532086042793576
12,0,8,2.781408410469919,15.58140841046992
17,17,3,3.092202491566065,24.758869158232734
27,17,0,2.6251492543324773,27.22514925433248
29,13,6,0.6078962499483984,28.674562916615066
25,14,6,3.5122911649033983,30.045624498236734
19,11,3,2.161769156471395,21.29510248980473
27,3,2,1.1327144297437148,18.93271442974372
7,2,7,1.7051650236051525,12.238498356938486
28,19,4,0.1506600724996186,29.68399340583295
30,11,9,0.5127458729018943,30.3127458729019
8,6,6,3.0698424695686017,15.736509136235268
6,10,3,4.665536901822587e-05,11.60004665536902
0,0,3,1.6704289722139916,4.070428972213992
2,5,7,2.0952658261532093,11.761932492819875
12,14,7,0.21908402420389889,20.619084024203897
27,14,1,3.9020434335190544,27.502043433519056
29,18,1,0.9067625783111845,27.973429244977854
24,10,2,1.2198368657414862,21.619836865741494
30,1,2,1.2188094741426596,19.418809474142662
27,13,0,0.9239708150905731,23.123970815090576
16,1,2,0.0059100265661087776,10.739243359899442
24,3,5,2.924672624292865,21.52467262429287
23,16,7,3.877050454195134,31.3437171208618
0,2,9,0.8994168679730307,9.299416867973031
5,12,5,2.6588192391317236,16.52548590579839
20,8,4,2.9750042711044475,21.641670937771114
5,6,3,3.402185770153004,12.06885243681967
25,14,2,1.6947430800245724,25.02807641335791
11,10,3,1.2147529316181211,15.481419598284788
12,19,6,1.3044334874323547,23.90443348743235
12,1,0,2.857611545725036,9.857611545725039
28,14,6,3.2752856606876004,31.408618994020934
14,13,0,0.7282720107039766,15.994938677370644
20,19,1,1.4874734427126384,24.3541401093793
15,10,3,3.6167801889640914,20.01678018896409
21,2,0,3.2348410139759043,15.634841013975901
20,16,10,3.9492821950775276,32.21594886174419
10,11,10,3.0245355213251437,22.95786885465848
27,20,10,1.5767127561219683,35.97671275612197
4,14,8,2.3684577143184975,19.301791047651832
3,15,5,2.6506671595317544,17.250667159531755
2,4,0,0.31460782343166704,3.7812744900983337
18,19,0,2.1834328060064987,23.183432806006493
19,5,5,2.8443765221751645,19.9777098555085
24,18,3,0.6709584290442521,26.670958429044255
17,4,3,3.130333186876484,16.99699985354315
14,2,10,2.3409288498615877,19.007595516528255
8,0,5,3.818409360647354,12.08507602731402
16,5,10,0.17011341580963568,19.70344674914297
13,14,6,1.0639578115974224,21.197291144930755
14,1,8,2.4122310559922946,16.878897722658962
30,2,9,1.189205247945782,25.589205247945785
0,16,4,2.864840897925681,15.66484089792568
20,11,8,3.0436111829129433,26.710277849579608
21,17,3,0.41108901590656255,24.211089015906563
21,14,9,2.0605564014691384,28.86055640146914
2,11,1,2.040651127920134,10.5073177945868
15,15,2,1.4808158885643197,20.080815888564317
22,7,10,3.741028698904385,27.67436203223772
24,13,0,3.3183003426916167,23.918300342691623
10,16,5,2.7958096214576433,21.729142954790976
11,20,5,2.86444980929734,24.731116475964004
9,7,0,1.8514817366906076,10.851481736690607
15,14,10,3.693188029597269,28.093188029597272
7,13,2,2.785327663285674,15.91866099661901
5,17,4,2.9232140572398237,18.98988072390649
11,19,2,3.4553805241872544,22.322047190853922
23,6,9,1.0990270732621858,24.165693739928855
27,2,2,3.236354324505479,20.436354324505484
20,11,9,0.7829148178555331,25.249581484522203
7,20,2,1.384821228502,18.718154561835334
25,2,4,1.3457979216220692,19.079131254955406
27,19,4,3.9238871282404535,32.92388712824046
3,13,3,3.4347142672291864,15.234714267229188
25,14,0,2.8116911449769413,24.545024478310275
7,13,4,2.9154976140777142,17.64883094741105
25,6,9,2.2539119055543098,26.387245238887648
27,16,4,3.7978335751051615,30.99783357510517
17,11,3,1.9899975990582697,20.05666426572494
27,19,5,1.525876016578277,31.325876016578277
27,3,9,0.6537717010956798,24.053771701095684
4,8,3,3.1526846655668423,12.486017998900177
8,5,6,2.9451201676231213,15.011786834289786
3,15,6,1.5412637044817807,16.94126370448178
26,20,1,0.10102558997650973,26.76769225664318
21,20,2,3.364379284149223,28.164379284149224
30,1,0,0.045786113650835264,16.645786113650836
16,7,7,2.821836116312494,21.15516944964583
8,10,8,3.8907310100014887,20.557397676668153
0,12,3,1.7550219258742958,11.355021925874295
20,16,5,0.9422433540337706,25.208910020700436
19,7,8,2.8265327502739606,23.559866083607297
12,20,5,3.276683849482496,25.6766838494825
27,17,8,2.1911855674721674,33.19118556747217
15,17,3,3.877811453777146,24.477811453777147
28,13,7,0.20719157384842402,28.540524907181755
12,14,8,2.0242303492011575,23.224230349201157
13,5,3,2.8810003287634256,15.21433366209676
2,10,4,3.4591882893082073,13.725854955974876
28,12,7,0.7188150037502381,28.452148337083575
5,0,9,3.2080139618723624,13.074680628539031
17,5,5,2.2163553736313664,18.283022040298036
18,8,6,1.5901802647797525,20.79018026477975
4,7,2,0.5281772646021652,8.461510597935499
14,10,6,3.4698359932247387,21.736502659891404
24,18,7,0.6306655648006585,29.83066556480066
1,8,9,1.242249315428488,13.775582648761821
9,16,5,1.1630825831693719,19.563082583169372
23,11,9,3.4943702771053253,29.561036943771995
29,13,8,2.697539006777681,32.36420567344435
17,14,5,3.194692402737403,24.661359069404067
26,15,8,1.0043762741579207,30.27104294082459
12,19,3,2.5057451394240653,22.705745139424067
4,0,7,2.2927013924064323,10.026034725739766
22,9,10,3.339649810920967,28.472983144254304
23,7,3,3.6334091125298547,22.50007577919652
0,17,1,0.0487486536243211,11.048748653624322
21,0,9,2.7028198754257584,21.10281987542576
0,1,10,0.20786155447011337,8.807861554470115
17,0,8,2.200923246960197,17.667589913626866
14,0,4,1.1534072434651494,11.820073910131818
16,8,3,1.2301741640837862,16.96350749741712
10,12,1,1.4153635988439497,14.748696932177285
20,0,0,2.4913827206889363,13.158049387355604
25,12,10,1.3395403623317645,29.8728736956651
